<?xml version="1.0" encoding="UTF-8"?><?xml-stylesheet type='text/xsl' href='_UpgradeReport_Files/UpgradeReport.xslt'?><UpgradeLog>
<Properties><Property Name="Solution" Value="carousel">
</Property><Property Name="Solution File" Value="C:\Users\tomwestbrook\Documents\ToolsPlus Programming Source\Script Transcodings\WWWROOT\HANDHELD\carousel\carousel.sln">
</Property><Property Name="Date" Value="Wednesday, August 06, 2014">
</Property><Property Name="Time" Value="9:40:20 AM">
</Property><Property Name="Log Number" Value="2">
</Property></Properties><Event ErrorLevel="0" Project="TP.Base" Source="TP.Base\TP.Base.csproj" Description="Project file successfully backed up as C:\Users\tomwestbrook\Documents\ToolsPlus Programming Source\Script Transcodings\WWWROOT\HANDHELD\carousel\Backup1\TP.Base.csproj">
</Event><Event ErrorLevel="0" Project="TP.Base" Source="TP.Base\Attributes.cs" Description="File successfully backed up as C:\Users\tomwestbrook\Documents\ToolsPlus Programming Source\Script Transcodings\WWWROOT\HANDHELD\carousel\Backup1\Attributes.cs">
</Event><Event ErrorLevel="0" Project="TP.Base" Source="TP.Base\Barcode.cs" Description="File successfully backed up as C:\Users\tomwestbrook\Documents\ToolsPlus Programming Source\Script Transcodings\WWWROOT\HANDHELD\carousel\Backup1\Barcode.cs">
</Event><Event ErrorLevel="0" Project="TP.Base" Source="TP.Base\Config.cs" Description="File successfully backed up as C:\Users\tomwestbrook\Documents\ToolsPlus Programming Source\Script Transcodings\WWWROOT\HANDHELD\carousel\Backup1\Config.cs">
</Event><Event ErrorLevel="0" Project="TP.Base" Source="TP.Base\Control.DataGridView.MergedReadOnlyCell.cs" Description="File successfully backed up as C:\Users\tomwestbrook\Documents\ToolsPlus Programming Source\Script Transcodings\WWWROOT\HANDHELD\carousel\Backup1\Control.DataGridView.MergedReadOnlyCell.cs">
</Event><Event ErrorLevel="0" Project="TP.Base" Source="TP.Base\Control.DataGridView.NumericUpDownCell.cs" Description="File successfully backed up as C:\Users\tomwestbrook\Documents\ToolsPlus Programming Source\Script Transcodings\WWWROOT\HANDHELD\carousel\Backup1\Control.DataGridView.NumericUpDownCell.cs">
</Event><Event ErrorLevel="0" Project="TP.Base" Source="TP.Base\Control.DataGridView.NumericUpDownColumn.cs" Description="File successfully backed up as C:\Users\tomwestbrook\Documents\ToolsPlus Programming Source\Script Transcodings\WWWROOT\HANDHELD\carousel\Backup1\Control.DataGridView.NumericUpDownColumn.cs">
</Event><Event ErrorLevel="0" Project="TP.Base" Source="TP.Base\Control.DataGridView.NumericUpDownEditingControl.cs" Description="File successfully backed up as C:\Users\tomwestbrook\Documents\ToolsPlus Programming Source\Script Transcodings\WWWROOT\HANDHELD\carousel\Backup1\Control.DataGridView.NumericUpDownEditingControl.cs">
</Event><Event ErrorLevel="0" Project="TP.Base" Source="TP.Base\Control.ListViewSelectDeselectAllCheckBox.cs" Description="File successfully backed up as C:\Users\tomwestbrook\Documents\ToolsPlus Programming Source\Script Transcodings\WWWROOT\HANDHELD\carousel\Backup1\Control.ListViewSelectDeselectAllCheckBox.cs">
</Event><Event ErrorLevel="0" Project="TP.Base" Source="TP.Base\Control.TextBoxPartialAutoComplete.cs" Description="File successfully backed up as C:\Users\tomwestbrook\Documents\ToolsPlus Programming Source\Script Transcodings\WWWROOT\HANDHELD\carousel\Backup1\Control.TextBoxPartialAutoComplete.cs">
</Event><Event ErrorLevel="0" Project="TP.Base" Source="TP.Base\Control.ComboBoxLine.cs" Description="File successfully backed up as C:\Users\tomwestbrook\Documents\ToolsPlus Programming Source\Script Transcodings\WWWROOT\HANDHELD\carousel\Backup1\Control.ComboBoxLine.cs">
</Event><Event ErrorLevel="0" Project="TP.Base" Source="TP.Base\Control.TPListView.cs" Description="File successfully backed up as C:\Users\tomwestbrook\Documents\ToolsPlus Programming Source\Script Transcodings\WWWROOT\HANDHELD\carousel\Backup1\Control.TPListView.cs">
</Event><Event ErrorLevel="0" Project="TP.Base" Source="TP.Base\DataStructure.BlockingQueue.cs" Description="File successfully backed up as C:\Users\tomwestbrook\Documents\ToolsPlus Programming Source\Script Transcodings\WWWROOT\HANDHELD\carousel\Backup1\DataStructure.BlockingQueue.cs">
</Event><Event ErrorLevel="0" Project="TP.Base" Source="TP.Base\DataStructure.CircularBuffer.cs" Description="File successfully backed up as C:\Users\tomwestbrook\Documents\ToolsPlus Programming Source\Script Transcodings\WWWROOT\HANDHELD\carousel\Backup1\DataStructure.CircularBuffer.cs">
</Event><Event ErrorLevel="0" Project="TP.Base" Source="TP.Base\DataStructure.Pair.cs" Description="File successfully backed up as C:\Users\tomwestbrook\Documents\ToolsPlus Programming Source\Script Transcodings\WWWROOT\HANDHELD\carousel\Backup1\DataStructure.Pair.cs">
</Event><Event ErrorLevel="0" Project="TP.Base" Source="TP.Base\DataStructure.TPList.cs" Description="File successfully backed up as C:\Users\tomwestbrook\Documents\ToolsPlus Programming Source\Script Transcodings\WWWROOT\HANDHELD\carousel\Backup1\DataStructure.TPList.cs">
</Event><Event ErrorLevel="0" Project="TP.Base" Source="TP.Base\Enums.cs" Description="File successfully backed up as C:\Users\tomwestbrook\Documents\ToolsPlus Programming Source\Script Transcodings\WWWROOT\HANDHELD\carousel\Backup1\Enums.cs">
</Event><Event ErrorLevel="0" Project="TP.Base" Source="TP.Base\Functions.cs" Description="File successfully backed up as C:\Users\tomwestbrook\Documents\ToolsPlus Programming Source\Script Transcodings\WWWROOT\HANDHELD\carousel\Backup1\Functions.cs">
</Event><Event ErrorLevel="0" Project="TP.Base" Source="TP.Base\Interfaces.cs" Description="File successfully backed up as C:\Users\tomwestbrook\Documents\ToolsPlus Programming Source\Script Transcodings\WWWROOT\HANDHELD\carousel\Backup1\Interfaces.cs">
</Event><Event ErrorLevel="0" Project="TP.Base" Source="TP.Base\Interop.Audio.cs" Description="File successfully backed up as C:\Users\tomwestbrook\Documents\ToolsPlus Programming Source\Script Transcodings\WWWROOT\HANDHELD\carousel\Backup1\Interop.Audio.cs">
</Event><Event ErrorLevel="0" Project="TP.Base" Source="TP.Base\Interop.Input.cs" Description="File successfully backed up as C:\Users\tomwestbrook\Documents\ToolsPlus Programming Source\Script Transcodings\WWWROOT\HANDHELD\carousel\Backup1\Interop.Input.cs">
</Event><Event ErrorLevel="0" Project="TP.Base" Source="TP.Base\Interop.IPC.cs" Description="File successfully backed up as C:\Users\tomwestbrook\Documents\ToolsPlus Programming Source\Script Transcodings\WWWROOT\HANDHELD\carousel\Backup1\Interop.IPC.cs">
</Event><Event ErrorLevel="0" Project="TP.Base" Source="TP.Base\Interop.Printing.cs" Description="File successfully backed up as C:\Users\tomwestbrook\Documents\ToolsPlus Programming Source\Script Transcodings\WWWROOT\HANDHELD\carousel\Backup1\Interop.Printing.cs">
</Event><Event ErrorLevel="0" Project="TP.Base" Source="TP.Base\Interop.ProcessWindow.cs" Description="File successfully backed up as C:\Users\tomwestbrook\Documents\ToolsPlus Programming Source\Script Transcodings\WWWROOT\HANDHELD\carousel\Backup1\Interop.ProcessWindow.cs">
</Event><Event ErrorLevel="0" Project="TP.Base" Source="TP.Base\Interop.RDP.cs" Description="File successfully backed up as C:\Users\tomwestbrook\Documents\ToolsPlus Programming Source\Script Transcodings\WWWROOT\HANDHELD\carousel\Backup1\Interop.RDP.cs">
</Event><Event ErrorLevel="0" Project="TP.Base" Source="TP.Base\IPC.cs" Description="File successfully backed up as C:\Users\tomwestbrook\Documents\ToolsPlus Programming Source\Script Transcodings\WWWROOT\HANDHELD\carousel\Backup1\IPC.cs">
</Event><Event ErrorLevel="0" Project="TP.Base" Source="TP.Base\ListViewExtension.cs" Description="File successfully backed up as C:\Users\tomwestbrook\Documents\ToolsPlus Programming Source\Script Transcodings\WWWROOT\HANDHELD\carousel\Backup1\ListViewExtension.cs">
</Event><Event ErrorLevel="0" Project="TP.Base" Source="TP.Base\Logger.cs" Description="File successfully backed up as C:\Users\tomwestbrook\Documents\ToolsPlus Programming Source\Script Transcodings\WWWROOT\HANDHELD\carousel\Backup1\Logger.cs">
</Event><Event ErrorLevel="0" Project="TP.Base" Source="TP.Base\Port.SerialPort.cs" Description="File successfully backed up as C:\Users\tomwestbrook\Documents\ToolsPlus Programming Source\Script Transcodings\WWWROOT\HANDHELD\carousel\Backup1\Port.SerialPort.cs">
</Event><Event ErrorLevel="0" Project="TP.Base" Source="TP.Base\Printing.Enums.cs" Description="File successfully backed up as C:\Users\tomwestbrook\Documents\ToolsPlus Programming Source\Script Transcodings\WWWROOT\HANDHELD\carousel\Backup1\Printing.Enums.cs">
</Event><Event ErrorLevel="0" Project="TP.Base" Source="TP.Base\Printing.EPL2.EPL2Document.cs" Description="File successfully backed up as C:\Users\tomwestbrook\Documents\ToolsPlus Programming Source\Script Transcodings\WWWROOT\HANDHELD\carousel\Backup1\Printing.EPL2.EPL2Document.cs">
</Event><Event ErrorLevel="0" Project="TP.Base" Source="TP.Base\Printing.EPL2.Enums.cs" Description="File successfully backed up as C:\Users\tomwestbrook\Documents\ToolsPlus Programming Source\Script Transcodings\WWWROOT\HANDHELD\carousel\Backup1\Printing.EPL2.Enums.cs">
</Event><Event ErrorLevel="0" Project="TP.Base" Source="TP.Base\Printing.Interfaces.cs" Description="File successfully backed up as C:\Users\tomwestbrook\Documents\ToolsPlus Programming Source\Script Transcodings\WWWROOT\HANDHELD\carousel\Backup1\Printing.Interfaces.cs">
</Event><Event ErrorLevel="0" Project="TP.Base" Source="TP.Base\Printing.PrintElement.cs" Description="File successfully backed up as C:\Users\tomwestbrook\Documents\ToolsPlus Programming Source\Script Transcodings\WWWROOT\HANDHELD\carousel\Backup1\Printing.PrintElement.cs">
</Event><Event ErrorLevel="0" Project="TP.Base" Source="TP.Base\Printing.PrintEngine.cs" Description="File successfully backed up as C:\Users\tomwestbrook\Documents\ToolsPlus Programming Source\Script Transcodings\WWWROOT\HANDHELD\carousel\Backup1\Printing.PrintEngine.cs">
</Event><Event ErrorLevel="0" Project="TP.Base" Source="TP.Base\Printing.PrintPrimitiveBarcode.cs" Description="File successfully backed up as C:\Users\tomwestbrook\Documents\ToolsPlus Programming Source\Script Transcodings\WWWROOT\HANDHELD\carousel\Backup1\Printing.PrintPrimitiveBarcode.cs">
</Event><Event ErrorLevel="0" Project="TP.Base" Source="TP.Base\Printing.PrintPrimitives.cs" Description="File successfully backed up as C:\Users\tomwestbrook\Documents\ToolsPlus Programming Source\Script Transcodings\WWWROOT\HANDHELD\carousel\Backup1\Printing.PrintPrimitives.cs">
</Event><Event ErrorLevel="0" Project="TP.Base" Source="TP.Base\Printing.PrintPrimitiveTableRow.cs" Description="File successfully backed up as C:\Users\tomwestbrook\Documents\ToolsPlus Programming Source\Script Transcodings\WWWROOT\HANDHELD\carousel\Backup1\Printing.PrintPrimitiveTableRow.cs">
</Event><Event ErrorLevel="0" Project="TP.Base" Source="TP.Base\Printing.PrintPrimitiveText.cs" Description="File successfully backed up as C:\Users\tomwestbrook\Documents\ToolsPlus Programming Source\Script Transcodings\WWWROOT\HANDHELD\carousel\Backup1\Printing.PrintPrimitiveText.cs">
</Event><Event ErrorLevel="0" Project="TP.Base" Source="TP.Base\Printing.TabularDataPair.cs" Description="File successfully backed up as C:\Users\tomwestbrook\Documents\ToolsPlus Programming Source\Script Transcodings\WWWROOT\HANDHELD\carousel\Backup1\Printing.TabularDataPair.cs">
</Event><Event ErrorLevel="0" Project="TP.Base" Source="TP.Base\Printing.PrintPrimitivePair.cs" Description="File successfully backed up as C:\Users\tomwestbrook\Documents\ToolsPlus Programming Source\Script Transcodings\WWWROOT\HANDHELD\carousel\Backup1\Printing.PrintPrimitivePair.cs">
</Event><Event ErrorLevel="0" Project="TP.Base" Source="TP.Base\Properties\AssemblyInfo.cs" Description="File successfully backed up as C:\Users\tomwestbrook\Documents\ToolsPlus Programming Source\Script Transcodings\WWWROOT\HANDHELD\carousel\Backup1\Properties\AssemblyInfo.cs">
</Event><Event ErrorLevel="0" Project="TP.Base" Source="TP.Base\DataStructure.Triplet.cs" Description="File successfully backed up as C:\Users\tomwestbrook\Documents\ToolsPlus Programming Source\Script Transcodings\WWWROOT\HANDHELD\carousel\Backup1\DataStructure.Triplet.cs">
</Event><Event ErrorLevel="0" Project="TP.Base" Source="TP.Base\Properties\Resources.Designer.cs" Description="File successfully backed up as C:\Users\tomwestbrook\Documents\ToolsPlus Programming Source\Script Transcodings\WWWROOT\HANDHELD\carousel\Backup1\Properties\Resources.Designer.cs">
</Event><Event ErrorLevel="0" Project="TP.Base" Source="TP.Base\Interop.Sendkeys.cs" Description="File successfully backed up as C:\Users\tomwestbrook\Documents\ToolsPlus Programming Source\Script Transcodings\WWWROOT\HANDHELD\carousel\Backup1\Interop.Sendkeys.cs">
</Event><Event ErrorLevel="0" Project="TP.Base" Source="TP.Base\SMTP.cs" Description="File successfully backed up as C:\Users\tomwestbrook\Documents\ToolsPlus Programming Source\Script Transcodings\WWWROOT\HANDHELD\carousel\Backup1\SMTP.cs">
</Event><Event ErrorLevel="0" Project="TP.Base" Source="TP.Base\Splash.SplashForm.cs" Description="File successfully backed up as C:\Users\tomwestbrook\Documents\ToolsPlus Programming Source\Script Transcodings\WWWROOT\HANDHELD\carousel\Backup1\Splash.SplashForm.cs">
</Event><Event ErrorLevel="0" Project="TP.Base" Source="TP.Base\Splash.SplashForm.Designer.cs" Description="File successfully backed up as C:\Users\tomwestbrook\Documents\ToolsPlus Programming Source\Script Transcodings\WWWROOT\HANDHELD\carousel\Backup1\Splash.SplashForm.Designer.cs">
</Event><Event ErrorLevel="0" Project="TP.Base" Source="TP.Base\DataStructure.AddressBlock.cs" Description="File successfully backed up as C:\Users\tomwestbrook\Documents\ToolsPlus Programming Source\Script Transcodings\WWWROOT\HANDHELD\carousel\Backup1\DataStructure.AddressBlock.cs">
</Event><Event ErrorLevel="0" Project="TP.Base" Source="TP.Base\DataStructure.CachedDictionary.cs" Description="File successfully backed up as C:\Users\tomwestbrook\Documents\ToolsPlus Programming Source\Script Transcodings\WWWROOT\HANDHELD\carousel\Backup1\DataStructure.CachedDictionary.cs">
</Event><Event ErrorLevel="0" Project="TP.Base" Source="TP.Base\Dialog.InputBox.cs" Description="File successfully backed up as C:\Users\tomwestbrook\Documents\ToolsPlus Programming Source\Script Transcodings\WWWROOT\HANDHELD\carousel\Backup1\Dialog.InputBox.cs">
</Event><Event ErrorLevel="0" Project="TP.Base" Source="TP.Base\Dialog.InputBox.Designer.cs" Description="File successfully backed up as C:\Users\tomwestbrook\Documents\ToolsPlus Programming Source\Script Transcodings\WWWROOT\HANDHELD\carousel\Backup1\Dialog.InputBox.Designer.cs">
</Event><Event ErrorLevel="0" Project="TP.Base" Source="TP.Base\Dialog.NumericInputBox.cs" Description="File successfully backed up as C:\Users\tomwestbrook\Documents\ToolsPlus Programming Source\Script Transcodings\WWWROOT\HANDHELD\carousel\Backup1\Dialog.NumericInputBox.cs">
</Event><Event ErrorLevel="0" Project="TP.Base" Source="TP.Base\Dialog.NumericInputBox.Designer.cs" Description="File successfully backed up as C:\Users\tomwestbrook\Documents\ToolsPlus Programming Source\Script Transcodings\WWWROOT\HANDHELD\carousel\Backup1\Dialog.NumericInputBox.Designer.cs">
</Event><Event ErrorLevel="0" Project="TP.Base" Source="TP.Base\ICSharpCode.SharpZipLib\Checksums.Adler32.cs" Description="File successfully backed up as C:\Users\tomwestbrook\Documents\ToolsPlus Programming Source\Script Transcodings\WWWROOT\HANDHELD\carousel\Backup1\ICSharpCode.SharpZipLib\Checksums.Adler32.cs">
</Event><Event ErrorLevel="0" Project="TP.Base" Source="TP.Base\ICSharpCode.SharpZipLib\Checksums.CRC32.cs" Description="File successfully backed up as C:\Users\tomwestbrook\Documents\ToolsPlus Programming Source\Script Transcodings\WWWROOT\HANDHELD\carousel\Backup1\ICSharpCode.SharpZipLib\Checksums.CRC32.cs">
</Event><Event ErrorLevel="0" Project="TP.Base" Source="TP.Base\ICSharpCode.SharpZipLib\Checksums.IChecksum.cs" Description="File successfully backed up as C:\Users\tomwestbrook\Documents\ToolsPlus Programming Source\Script Transcodings\WWWROOT\HANDHELD\carousel\Backup1\ICSharpCode.SharpZipLib\Checksums.IChecksum.cs">
</Event><Event ErrorLevel="0" Project="TP.Base" Source="TP.Base\ICSharpCode.SharpZipLib\Encryption.PkzipClassic.cs" Description="File successfully backed up as C:\Users\tomwestbrook\Documents\ToolsPlus Programming Source\Script Transcodings\WWWROOT\HANDHELD\carousel\Backup1\ICSharpCode.SharpZipLib\Encryption.PkzipClassic.cs">
</Event><Event ErrorLevel="0" Project="TP.Base" Source="TP.Base\ICSharpCode.SharpZipLib\SharpZipBaseException.cs" Description="File successfully backed up as C:\Users\tomwestbrook\Documents\ToolsPlus Programming Source\Script Transcodings\WWWROOT\HANDHELD\carousel\Backup1\ICSharpCode.SharpZipLib\SharpZipBaseException.cs">
</Event><Event ErrorLevel="0" Project="TP.Base" Source="TP.Base\ICSharpCode.SharpZipLib\Zip.Compression.Deflater.cs" Description="File successfully backed up as C:\Users\tomwestbrook\Documents\ToolsPlus Programming Source\Script Transcodings\WWWROOT\HANDHELD\carousel\Backup1\ICSharpCode.SharpZipLib\Zip.Compression.Deflater.cs">
</Event><Event ErrorLevel="0" Project="TP.Base" Source="TP.Base\ICSharpCode.SharpZipLib\Zip.Compression.DeflaterConstants.cs" Description="File successfully backed up as C:\Users\tomwestbrook\Documents\ToolsPlus Programming Source\Script Transcodings\WWWROOT\HANDHELD\carousel\Backup1\ICSharpCode.SharpZipLib\Zip.Compression.DeflaterConstants.cs">
</Event><Event ErrorLevel="0" Project="TP.Base" Source="TP.Base\ICSharpCode.SharpZipLib\Zip.Compression.DeflaterEngine.cs" Description="File successfully backed up as C:\Users\tomwestbrook\Documents\ToolsPlus Programming Source\Script Transcodings\WWWROOT\HANDHELD\carousel\Backup1\ICSharpCode.SharpZipLib\Zip.Compression.DeflaterEngine.cs">
</Event><Event ErrorLevel="0" Project="TP.Base" Source="TP.Base\ICSharpCode.SharpZipLib\Zip.Compression.DeflaterHuffman.cs" Description="File successfully backed up as C:\Users\tomwestbrook\Documents\ToolsPlus Programming Source\Script Transcodings\WWWROOT\HANDHELD\carousel\Backup1\ICSharpCode.SharpZipLib\Zip.Compression.DeflaterHuffman.cs">
</Event><Event ErrorLevel="0" Project="TP.Base" Source="TP.Base\ICSharpCode.SharpZipLib\Zip.Compression.DeflaterPending.cs" Description="File successfully backed up as C:\Users\tomwestbrook\Documents\ToolsPlus Programming Source\Script Transcodings\WWWROOT\HANDHELD\carousel\Backup1\ICSharpCode.SharpZipLib\Zip.Compression.DeflaterPending.cs">
</Event><Event ErrorLevel="0" Project="TP.Base" Source="TP.Base\ICSharpCode.SharpZipLib\Zip.Compression.Inflater.cs" Description="File successfully backed up as C:\Users\tomwestbrook\Documents\ToolsPlus Programming Source\Script Transcodings\WWWROOT\HANDHELD\carousel\Backup1\ICSharpCode.SharpZipLib\Zip.Compression.Inflater.cs">
</Event><Event ErrorLevel="0" Project="TP.Base" Source="TP.Base\ICSharpCode.SharpZipLib\Zip.Compression.InflaterDynHeader.cs" Description="File successfully backed up as C:\Users\tomwestbrook\Documents\ToolsPlus Programming Source\Script Transcodings\WWWROOT\HANDHELD\carousel\Backup1\ICSharpCode.SharpZipLib\Zip.Compression.InflaterDynHeader.cs">
</Event><Event ErrorLevel="0" Project="TP.Base" Source="TP.Base\ICSharpCode.SharpZipLib\Zip.Compression.InflaterHuffmanTree.cs" Description="File successfully backed up as C:\Users\tomwestbrook\Documents\ToolsPlus Programming Source\Script Transcodings\WWWROOT\HANDHELD\carousel\Backup1\ICSharpCode.SharpZipLib\Zip.Compression.InflaterHuffmanTree.cs">
</Event><Event ErrorLevel="0" Project="TP.Base" Source="TP.Base\ICSharpCode.SharpZipLib\Zip.Compression.PendingBuffer.cs" Description="File successfully backed up as C:\Users\tomwestbrook\Documents\ToolsPlus Programming Source\Script Transcodings\WWWROOT\HANDHELD\carousel\Backup1\ICSharpCode.SharpZipLib\Zip.Compression.PendingBuffer.cs">
</Event><Event ErrorLevel="0" Project="TP.Base" Source="TP.Base\ICSharpCode.SharpZipLib\Zip.Compression.Streams.InflaterInputStream.cs" Description="File successfully backed up as C:\Users\tomwestbrook\Documents\ToolsPlus Programming Source\Script Transcodings\WWWROOT\HANDHELD\carousel\Backup1\ICSharpCode.SharpZipLib\Zip.Compression.Streams.InflaterInputStream.cs">
</Event><Event ErrorLevel="0" Project="TP.Base" Source="TP.Base\ICSharpCode.SharpZipLib\Zip.Compression.Streams.OutputWindow.cs" Description="File successfully backed up as C:\Users\tomwestbrook\Documents\ToolsPlus Programming Source\Script Transcodings\WWWROOT\HANDHELD\carousel\Backup1\ICSharpCode.SharpZipLib\Zip.Compression.Streams.OutputWindow.cs">
</Event><Event ErrorLevel="0" Project="TP.Base" Source="TP.Base\ICSharpCode.SharpZipLib\Zip.Compression.Streams.StreamManipulator.cs" Description="File successfully backed up as C:\Users\tomwestbrook\Documents\ToolsPlus Programming Source\Script Transcodings\WWWROOT\HANDHELD\carousel\Backup1\ICSharpCode.SharpZipLib\Zip.Compression.Streams.StreamManipulator.cs">
</Event><Event ErrorLevel="0" Project="TP.Base" Source="TP.Base\ICSharpCode.SharpZipLib\Zip.ZipConstants.cs" Description="File successfully backed up as C:\Users\tomwestbrook\Documents\ToolsPlus Programming Source\Script Transcodings\WWWROOT\HANDHELD\carousel\Backup1\ICSharpCode.SharpZipLib\Zip.ZipConstants.cs">
</Event><Event ErrorLevel="0" Project="TP.Base" Source="TP.Base\ICSharpCode.SharpZipLib\Zip.ZipEntry.cs" Description="File successfully backed up as C:\Users\tomwestbrook\Documents\ToolsPlus Programming Source\Script Transcodings\WWWROOT\HANDHELD\carousel\Backup1\ICSharpCode.SharpZipLib\Zip.ZipEntry.cs">
</Event><Event ErrorLevel="0" Project="TP.Base" Source="TP.Base\ICSharpCode.SharpZipLib\Zip.ZipException.cs" Description="File successfully backed up as C:\Users\tomwestbrook\Documents\ToolsPlus Programming Source\Script Transcodings\WWWROOT\HANDHELD\carousel\Backup1\ICSharpCode.SharpZipLib\Zip.ZipException.cs">
</Event><Event ErrorLevel="0" Project="TP.Base" Source="TP.Base\ICSharpCode.SharpZipLib\Zip.ZipExtraData.cs" Description="File successfully backed up as C:\Users\tomwestbrook\Documents\ToolsPlus Programming Source\Script Transcodings\WWWROOT\HANDHELD\carousel\Backup1\ICSharpCode.SharpZipLib\Zip.ZipExtraData.cs">
</Event><Event ErrorLevel="0" Project="TP.Base" Source="TP.Base\ICSharpCode.SharpZipLib\Zip.ZipHelperStream.cs" Description="File successfully backed up as C:\Users\tomwestbrook\Documents\ToolsPlus Programming Source\Script Transcodings\WWWROOT\HANDHELD\carousel\Backup1\ICSharpCode.SharpZipLib\Zip.ZipHelperStream.cs">
</Event><Event ErrorLevel="0" Project="TP.Base" Source="TP.Base\ICSharpCode.SharpZipLib\Zip.ZipInputStream.cs" Description="File successfully backed up as C:\Users\tomwestbrook\Documents\ToolsPlus Programming Source\Script Transcodings\WWWROOT\HANDHELD\carousel\Backup1\ICSharpCode.SharpZipLib\Zip.ZipInputStream.cs">
</Event><Event ErrorLevel="0" Project="TP.Base" Source="TP.Base\Printing.EPL2.EPL2Object.cs" Description="File successfully backed up as C:\Users\tomwestbrook\Documents\ToolsPlus Programming Source\Script Transcodings\WWWROOT\HANDHELD\carousel\Backup1\Printing.EPL2.EPL2Object.cs">
</Event><Event ErrorLevel="0" Project="TP.Base" Source="TP.Base\Resources\Splash_DefaultSplash.png" Description="File successfully backed up as C:\Users\tomwestbrook\Documents\ToolsPlus Programming Source\Script Transcodings\WWWROOT\HANDHELD\carousel\Backup1\Resources\Splash_DefaultSplash.png">
</Event><Event ErrorLevel="0" Project="TP.Base" Source="TP.Base\Properties\Resources.resx" Description="File successfully backed up as C:\Users\tomwestbrook\Documents\ToolsPlus Programming Source\Script Transcodings\WWWROOT\HANDHELD\carousel\Backup1\Properties\Resources.resx">
</Event><Event ErrorLevel="0" Project="TP.Base" Source="TP.Base\Splash.SplashForm.resx" Description="File successfully backed up as C:\Users\tomwestbrook\Documents\ToolsPlus Programming Source\Script Transcodings\WWWROOT\HANDHELD\carousel\Backup1\Splash.SplashForm.resx">
</Event><Event ErrorLevel="1" Project="TP.Base" Source="TP.Base\TP.Base.csproj" Description="Your project is targeting .NET Framework 2.0 or 3.0. If your project uses assemblies requiring a newer .NET Framework, your project will fail to build. You can change the .NET Framework version by clicking Properties on the project menu and then selecting a new version in the '.NET Framework' dropdown box. (In Visual Basic, this is located on the Compile tab by clicking the 'Advanced Compiler Options...' button.)">
</Event><Event ErrorLevel="0" Project="TP.Base" Source="TP.Base\TP.Base.csproj" Description="Project converted successfully">
</Event><Event ErrorLevel="3" Project="TP.Base" Source="TP.Base\TP.Base.csproj" Description="Converted">
</Event><Event ErrorLevel="0" Project="TP.Base" Source="TP.Base\TP.Base.csproj" Description="Scan complete: Upgrade not required for project files.">
</Event></UpgradeLog>