<?xml version="1.0" encoding="UTF-8"?><?xml-stylesheet type='text/xsl' href='_UpgradeReport_Files/UpgradeReport.xslt'?><UpgradeLog>
<Properties><Property Name="Solution" Value="carousel">
</Property><Property Name="Solution File" Value="C:\Users\tomwestbrook\Documents\ToolsPlus Programming Source\Script Transcodings\WWWROOT\HANDHELD\carousel\carousel.sln">
</Property><Property Name="Date" Value="Wednesday, August 06, 2014">
</Property><Property Name="Time" Value="9:37:29 AM">
</Property></Properties><Event ErrorLevel="0" Project="TP.Warehousing.White" Source="TP.Warehousing.White\TP.Warehousing.White.csproj" Description="Project file successfully backed up as C:\Users\tomwestbrook\Documents\ToolsPlus Programming Source\Script Transcodings\WWWROOT\HANDHELD\carousel\Backup\TP.Warehousing.White.csproj">
</Event><Event ErrorLevel="0" Project="TP.Warehousing.White" Source="TP.Warehousing.White\Device.CharacterStrip.cs" Description="File successfully backed up as C:\Users\tomwestbrook\Documents\ToolsPlus Programming Source\Script Transcodings\WWWROOT\HANDHELD\carousel\Backup\Device.CharacterStrip.cs">
</Event><Event ErrorLevel="0" Project="TP.Warehousing.White" Source="TP.Warehousing.White\Device.Carousel.cs" Description="File successfully backed up as C:\Users\tomwestbrook\Documents\ToolsPlus Programming Source\Script Transcodings\WWWROOT\HANDHELD\carousel\Backup\Device.Carousel.cs">
</Event><Event ErrorLevel="0" Project="TP.Warehousing.White" Source="TP.Warehousing.White\Device.DeviceDefinition.cs" Description="File successfully backed up as C:\Users\tomwestbrook\Documents\ToolsPlus Programming Source\Script Transcodings\WWWROOT\HANDHELD\carousel\Backup\Device.DeviceDefinition.cs">
</Event><Event ErrorLevel="0" Project="TP.Warehousing.White" Source="TP.Warehousing.White\Device.Enums.cs" Description="File successfully backed up as C:\Users\tomwestbrook\Documents\ToolsPlus Programming Source\Script Transcodings\WWWROOT\HANDHELD\carousel\Backup\Device.Enums.cs">
</Event><Event ErrorLevel="0" Project="TP.Warehousing.White" Source="TP.Warehousing.White\Device.Interfaces.cs" Description="File successfully backed up as C:\Users\tomwestbrook\Documents\ToolsPlus Programming Source\Script Transcodings\WWWROOT\HANDHELD\carousel\Backup\Device.Interfaces.cs">
</Event><Event ErrorLevel="0" Project="TP.Warehousing.White" Source="TP.Warehousing.White\Device.LightDevice.cs" Description="File successfully backed up as C:\Users\tomwestbrook\Documents\ToolsPlus Programming Source\Script Transcodings\WWWROOT\HANDHELD\carousel\Backup\Device.LightDevice.cs">
</Event><Event ErrorLevel="0" Project="TP.Warehousing.White" Source="TP.Warehousing.White\Device.LightTree.cs" Description="File successfully backed up as C:\Users\tomwestbrook\Documents\ToolsPlus Programming Source\Script Transcodings\WWWROOT\HANDHELD\carousel\Backup\Device.LightTree.cs">
</Event><Event ErrorLevel="0" Project="TP.Warehousing.White" Source="TP.Warehousing.White\Device.Operator.cs" Description="File successfully backed up as C:\Users\tomwestbrook\Documents\ToolsPlus Programming Source\Script Transcodings\WWWROOT\HANDHELD\carousel\Backup\Device.Operator.cs">
</Event><Event ErrorLevel="0" Project="TP.Warehousing.White" Source="TP.Warehousing.White\Device.SortBar.cs" Description="File successfully backed up as C:\Users\tomwestbrook\Documents\ToolsPlus Programming Source\Script Transcodings\WWWROOT\HANDHELD\carousel\Backup\Device.SortBar.cs">
</Event><Event ErrorLevel="0" Project="TP.Warehousing.White" Source="TP.Warehousing.White\Device.SurfaceDisplay.cs" Description="File successfully backed up as C:\Users\tomwestbrook\Documents\ToolsPlus Programming Source\Script Transcodings\WWWROOT\HANDHELD\carousel\Backup\Device.SurfaceDisplay.cs">
</Event><Event ErrorLevel="0" Project="TP.Warehousing.White" Source="TP.Warehousing.White\Enums.cs" Description="File successfully backed up as C:\Users\tomwestbrook\Documents\ToolsPlus Programming Source\Script Transcodings\WWWROOT\HANDHELD\carousel\Backup\Enums.cs">
</Event><Event ErrorLevel="0" Project="TP.Warehousing.White" Source="TP.Warehousing.White\Interface.Enums.cs" Description="File successfully backed up as C:\Users\tomwestbrook\Documents\ToolsPlus Programming Source\Script Transcodings\WWWROOT\HANDHELD\carousel\Backup\Interface.Enums.cs">
</Event><Event ErrorLevel="0" Project="TP.Warehousing.White" Source="TP.Warehousing.White\Interface.Message.Base.cs" Description="File successfully backed up as C:\Users\tomwestbrook\Documents\ToolsPlus Programming Source\Script Transcodings\WWWROOT\HANDHELD\carousel\Backup\Interface.Message.Base.cs">
</Event><Event ErrorLevel="0" Project="TP.Warehousing.White" Source="TP.Warehousing.White\Interface.Message.Incoming.CarouselFaultsReply.cs" Description="File successfully backed up as C:\Users\tomwestbrook\Documents\ToolsPlus Programming Source\Script Transcodings\WWWROOT\HANDHELD\carousel\Backup\Interface.Message.Incoming.CarouselFaultsReply.cs">
</Event><Event ErrorLevel="0" Project="TP.Warehousing.White" Source="TP.Warehousing.White\Interface.Message.Incoming.CarouselStatusReply.cs" Description="File successfully backed up as C:\Users\tomwestbrook\Documents\ToolsPlus Programming Source\Script Transcodings\WWWROOT\HANDHELD\carousel\Backup\Interface.Message.Incoming.CarouselStatusReply.cs">
</Event><Event ErrorLevel="0" Project="TP.Warehousing.White" Source="TP.Warehousing.White\Interface.Message.Incoming.LEDCleared.cs" Description="File successfully backed up as C:\Users\tomwestbrook\Documents\ToolsPlus Programming Source\Script Transcodings\WWWROOT\HANDHELD\carousel\Backup\Interface.Message.Incoming.LEDCleared.cs">
</Event><Event ErrorLevel="0" Project="TP.Warehousing.White" Source="TP.Warehousing.White\Interface.Message.Incoming.ASCIIText.cs" Description="File successfully backed up as C:\Users\tomwestbrook\Documents\ToolsPlus Programming Source\Script Transcodings\WWWROOT\HANDHELD\carousel\Backup\Interface.Message.Incoming.ASCIIText.cs">
</Event><Event ErrorLevel="0" Project="TP.Warehousing.White" Source="TP.Warehousing.White\Interface.Message.Outgoing.CarouselFaultsQuery.cs" Description="File successfully backed up as C:\Users\tomwestbrook\Documents\ToolsPlus Programming Source\Script Transcodings\WWWROOT\HANDHELD\carousel\Backup\Interface.Message.Outgoing.CarouselFaultsQuery.cs">
</Event><Event ErrorLevel="0" Project="TP.Warehousing.White" Source="TP.Warehousing.White\Interface.Message.Outgoing.CarouselHalt.cs" Description="File successfully backed up as C:\Users\tomwestbrook\Documents\ToolsPlus Programming Source\Script Transcodings\WWWROOT\HANDHELD\carousel\Backup\Interface.Message.Outgoing.CarouselHalt.cs">
</Event><Event ErrorLevel="0" Project="TP.Warehousing.White" Source="TP.Warehousing.White\Interface.Message.Outgoing.CarouselMove.cs" Description="File successfully backed up as C:\Users\tomwestbrook\Documents\ToolsPlus Programming Source\Script Transcodings\WWWROOT\HANDHELD\carousel\Backup\Interface.Message.Outgoing.CarouselMove.cs">
</Event><Event ErrorLevel="0" Project="TP.Warehousing.White" Source="TP.Warehousing.White\Interface.CIC332.cs" Description="File successfully backed up as C:\Users\tomwestbrook\Documents\ToolsPlus Programming Source\Script Transcodings\WWWROOT\HANDHELD\carousel\Backup\Interface.CIC332.cs">
</Event><Event ErrorLevel="0" Project="TP.Warehousing.White" Source="TP.Warehousing.White\Device.BaseDevice.cs" Description="File successfully backed up as C:\Users\tomwestbrook\Documents\ToolsPlus Programming Source\Script Transcodings\WWWROOT\HANDHELD\carousel\Backup\Device.BaseDevice.cs">
</Event><Event ErrorLevel="0" Project="TP.Warehousing.White" Source="TP.Warehousing.White\Interface.Events.cs" Description="File successfully backed up as C:\Users\tomwestbrook\Documents\ToolsPlus Programming Source\Script Transcodings\WWWROOT\HANDHELD\carousel\Backup\Interface.Events.cs">
</Event><Event ErrorLevel="0" Project="TP.Warehousing.White" Source="TP.Warehousing.White\Interface.Message.Outgoing.CarouselStatusQuery.cs" Description="File successfully backed up as C:\Users\tomwestbrook\Documents\ToolsPlus Programming Source\Script Transcodings\WWWROOT\HANDHELD\carousel\Backup\Interface.Message.Outgoing.CarouselStatusQuery.cs">
</Event><Event ErrorLevel="0" Project="TP.Warehousing.White" Source="TP.Warehousing.White\Interface.Message.Incoming.LEDActivated.cs" Description="File successfully backed up as C:\Users\tomwestbrook\Documents\ToolsPlus Programming Source\Script Transcodings\WWWROOT\HANDHELD\carousel\Backup\Interface.Message.Incoming.LEDActivated.cs">
</Event><Event ErrorLevel="0" Project="TP.Warehousing.White" Source="TP.Warehousing.White\Interface.Message.Outgoing.LEDClearSingle.cs" Description="File successfully backed up as C:\Users\tomwestbrook\Documents\ToolsPlus Programming Source\Script Transcodings\WWWROOT\HANDHELD\carousel\Backup\Interface.Message.Outgoing.LEDClearSingle.cs">
</Event><Event ErrorLevel="0" Project="TP.Warehousing.White" Source="TP.Warehousing.White\Interface.Message.Outgoing.LEDIlluminate.cs" Description="File successfully backed up as C:\Users\tomwestbrook\Documents\ToolsPlus Programming Source\Script Transcodings\WWWROOT\HANDHELD\carousel\Backup\Interface.Message.Outgoing.LEDIlluminate.cs">
</Event><Event ErrorLevel="0" Project="TP.Warehousing.White" Source="TP.Warehousing.White\Interface.Message.Outgoing.LEDClearAll.cs" Description="File successfully backed up as C:\Users\tomwestbrook\Documents\ToolsPlus Programming Source\Script Transcodings\WWWROOT\HANDHELD\carousel\Backup\Interface.Message.Outgoing.LEDClearAll.cs">
</Event><Event ErrorLevel="0" Project="TP.Warehousing.White" Source="TP.Warehousing.White\Pod.DeviceListing.cs" Description="File successfully backed up as C:\Users\tomwestbrook\Documents\ToolsPlus Programming Source\Script Transcodings\WWWROOT\HANDHELD\carousel\Backup\Pod.DeviceListing.cs">
</Event><Event ErrorLevel="0" Project="TP.Warehousing.White" Source="TP.Warehousing.White\Pod.Events.cs" Description="File successfully backed up as C:\Users\tomwestbrook\Documents\ToolsPlus Programming Source\Script Transcodings\WWWROOT\HANDHELD\carousel\Backup\Pod.Events.cs">
</Event><Event ErrorLevel="0" Project="TP.Warehousing.White" Source="TP.Warehousing.White\Pod.Controller.cs" Description="File successfully backed up as C:\Users\tomwestbrook\Documents\ToolsPlus Programming Source\Script Transcodings\WWWROOT\HANDHELD\carousel\Backup\Pod.Controller.cs">
</Event><Event ErrorLevel="0" Project="TP.Warehousing.White" Source="TP.Warehousing.White\Pod.LinkageListEntry.cs" Description="File successfully backed up as C:\Users\tomwestbrook\Documents\ToolsPlus Programming Source\Script Transcodings\WWWROOT\HANDHELD\carousel\Backup\Pod.LinkageListEntry.cs">
</Event><Event ErrorLevel="0" Project="TP.Warehousing.White" Source="TP.Warehousing.White\Pod.LinkageListing.cs" Description="File successfully backed up as C:\Users\tomwestbrook\Documents\ToolsPlus Programming Source\Script Transcodings\WWWROOT\HANDHELD\carousel\Backup\Pod.LinkageListing.cs">
</Event><Event ErrorLevel="0" Project="TP.Warehousing.White" Source="TP.Warehousing.White\Properties\AssemblyInfo.cs" Description="File successfully backed up as C:\Users\tomwestbrook\Documents\ToolsPlus Programming Source\Script Transcodings\WWWROOT\HANDHELD\carousel\Backup\Properties\AssemblyInfo.cs">
</Event><Event ErrorLevel="1" Project="TP.Warehousing.White" Source="TP.Warehousing.White\TP.Warehousing.White.csproj" Description="Your project is targeting .NET Framework 2.0 or 3.0. If your project uses assemblies requiring a newer .NET Framework, your project will fail to build. You can change the .NET Framework version by clicking Properties on the project menu and then selecting a new version in the '.NET Framework' dropdown box. (In Visual Basic, this is located on the Compile tab by clicking the 'Advanced Compiler Options...' button.)">
</Event><Event ErrorLevel="0" Project="TP.Warehousing.White" Source="TP.Warehousing.White\TP.Warehousing.White.csproj" Description="Project converted successfully">
</Event><Event ErrorLevel="3" Project="TP.Warehousing.White" Source="TP.Warehousing.White\TP.Warehousing.White.csproj" Description="Converted">
</Event><Event ErrorLevel="0" Project="TP.Warehousing.White" Source="TP.Warehousing.White\TP.Warehousing.White.csproj" Description="Scan complete: Upgrade not required for project files.">
</Event></UpgradeLog>